province,district,moh,phm_area,midwife,clinic_centre,clinic_type,source,verification_status
Eastern,Ampara,Ampara,,,,,Ministry of Health / Directorate of NCDs; see source notes,MOH verified; lower-level mapping pending official/local verification
Eastern,Ampara,Damana,,,,,Ministry of Health / Directorate of NCDs; see source notes,MOH verified; lower-level mapping pending official/local verification
Eastern,Ampara,Dehiattakandiya,,,,,Ministry of Health / Directorate of NCDs; see source notes,MOH verified; lower-level mapping pending official/local verification
Eastern,Ampara,Lahugala,,,,,Ministry of Health / Directorate of NCDs; see source notes,MOH verified; lower-level mapping pending official/local verification
Eastern,Ampara,Mahaoya,,,,,Ministry of Health / Directorate of NCDs; see source notes,MOH verified; lower-level mapping pending official/local verification
Eastern,Ampara,Padiyathalawa,,,,,Ministry of Health / Directorate of NCDs; see source notes,MOH verified; lower-level mapping pending official/local verification
Eastern,Ampara,Uhana,,,,,Ministry of Health / Directorate of NCDs; see source notes,MOH verified; lower-level mapping pending official/local verification
North Central,Anuradhapura,Galenbindunuwewa,,,,,Ministry of Health / Directorate of NCDs; see source notes,MOH verified; lower-level mapping pending official/local verification
North Central,Anuradhapura,Galnewa,,,,,Ministry of Health / Directorate of NCDs; see source notes,MOH verified; lower-level mapping pending official/local verification
North Central,Anuradhapura,Horowpothana,,,,,Ministry of Health / Directorate of NCDs; see source notes,MOH verified; lower-level mapping pending official/local verification
North Central,Anuradhapura,Ipalogama,,,,,Ministry of Health / Directorate of NCDs; see source notes,MOH verified; lower-level mapping pending official/local verification
North Central,Anuradhapura,Kahatagasdigiliya,,,,,Ministry of Health / Directorate of NCDs; see source notes,MOH verified; lower-level mapping pending official/local verification
North Central,Anuradhapura,Kebithigollewa,,,,,Ministry of Health / Directorate of NCDs; see source notes,MOH verified; lower-level mapping pending official/local verification
North Central,Anuradhapura,Kekirawa,,,,,Ministry of Health / Directorate of NCDs; see source notes,MOH verified; lower-level mapping pending official/local verification
North Central,Anuradhapura,Medawachchiya,,,,,Ministry of Health / Directorate of NCDs; see source notes,MOH verified; lower-level mapping pending official/local verification
North Central,Anuradhapura,Mihinthalaya,,,,,Ministry of Health / Directorate of NCDs; see source notes,MOH verified; lower-level mapping pending official/local verification
North Central,Anuradhapura,Nachchadoowa,,,,,Ministry of Health / Directorate of NCDs; see source notes,MOH verified; lower-level mapping pending official/local verification
North Central,Anuradhapura,NP East,,,,,Ministry of Health / Directorate of NCDs; see source notes,MOH verified; lower-level mapping pending official/local verification
North Central,Anuradhapura,Padaviya,,,,,Ministry of Health / Directorate of NCDs; see source notes,MOH verified; lower-level mapping pending official/local verification
North Central,Anuradhapura,Palagala,,,,,Ministry of Health / Directorate of NCDs; see source notes,MOH verified; lower-level mapping pending official/local verification
North Central,Anuradhapura,Rajanganaya,,,,,Ministry of Health / Directorate of NCDs; see source notes,MOH verified; lower-level mapping pending official/local verification
North Central,Anuradhapura,Rambewa,,,,,Ministry of Health / Directorate of NCDs; see source notes,MOH verified; lower-level mapping pending official/local verification
North Central,Anuradhapura,Thalawa,,,,,Ministry of Health / Directorate of NCDs; see source notes,MOH verified; lower-level mapping pending official/local verification
North Central,Anuradhapura,Thambutthegama,,,,,Ministry of Health / Directorate of NCDs; see source notes,MOH verified; lower-level mapping pending official/local verification
North Central,Anuradhapura,Thirappane,,,,,Ministry of Health / Directorate of NCDs; see source notes,MOH verified; lower-level mapping pending official/local verification
Uva,Badulla,Badulla,,,,,Ministry of Health / Directorate of NCDs; see source notes,MOH verified; lower-level mapping pending official/local verification
Uva,Badulla,Bandarawela,,,,,Ministry of Health / Directorate of NCDs; see source notes,MOH verified; lower-level mapping pending official/local verification
Uva,Badulla,Ella,,,,,Ministry of Health / Directorate of NCDs; see source notes,MOH verified; lower-level mapping pending official/local verification
Uva,Badulla,Girandurukotte,,,,,Ministry of Health / Directorate of NCDs; see source notes,MOH verified; lower-level mapping pending official/local verification
Uva,Badulla,Haldummulla,,,,,Ministry of Health / Directorate of NCDs; see source notes,MOH verified; lower-level mapping pending official/local verification
Uva,Badulla,Hali-ela,,,,,Ministry of Health / Directorate of NCDs; see source notes,MOH verified; lower-level mapping pending official/local verification
Uva,Badulla,Haputale,,,,,Ministry of Health / Directorate of NCDs; see source notes,MOH verified; lower-level mapping pending official/local verification
Uva,Badulla,Kandaketiya,,,,,Ministry of Health / Directorate of NCDs; see source notes,MOH verified; lower-level mapping pending official/local verification
Uva,Badulla,Lunugala,,,,,Ministry of Health / Directorate of NCDs; see source notes,MOH verified; lower-level mapping pending official/local verification
Uva,Badulla,Mahiyanganaya,,,,,Ministry of Health / Directorate of NCDs; see source notes,MOH verified; lower-level mapping pending official/local verification
Uva,Badulla,Meegahakiula,,,,,Ministry of Health / Directorate of NCDs; see source notes,MOH verified; lower-level mapping pending official/local verification
Uva,Badulla,Passara,,,,,Ministry of Health / Directorate of NCDs; see source notes,MOH verified; lower-level mapping pending official/local verification
Uva,Badulla,Rideemaliyadda,,,,,Ministry of Health / Directorate of NCDs; see source notes,MOH verified; lower-level mapping pending official/local verification
Uva,Badulla,Soranathota,,,,,Ministry of Health / Directorate of NCDs; see source notes,MOH verified; lower-level mapping pending official/local verification
Uva,Badulla,Uvaparanagama,,,,,Ministry of Health / Directorate of NCDs; see source notes,MOH verified; lower-level mapping pending official/local verification
Uva,Badulla,Welimada,,,,,Ministry of Health / Directorate of NCDs; see source notes,MOH verified; lower-level mapping pending official/local verification
Southern,Galle,Akmeemana,,,,,Ministry of Health / Directorate of NCDs; see source notes,MOH verified; lower-level mapping pending official/local verification
Southern,Galle,Ambalangoda,,,,,Ministry of Health / Directorate of NCDs; see source notes,MOH verified; lower-level mapping pending official/local verification
Southern,Galle,Baddegama,,,,,Ministry of Health / Directorate of NCDs; see source notes,MOH verified; lower-level mapping pending official/local verification
Southern,Galle,Balapitiya,,,,,Ministry of Health / Directorate of NCDs; see source notes,MOH verified; lower-level mapping pending official/local verification
Southern,Galle,Bope-Poddala,,,,,Ministry of Health / Directorate of NCDs; see source notes,MOH verified; lower-level mapping pending official/local verification
Southern,Galle,Elpitiya,,,,,Ministry of Health / Directorate of NCDs; see source notes,MOH verified; lower-level mapping pending official/local verification
Southern,Galle,Gonapinuwala,,,,,Ministry of Health / Directorate of NCDs; see source notes,MOH verified; lower-level mapping pending official/local verification
Southern,Galle,Habaraduwa,,,,,Ministry of Health / Directorate of NCDs; see source notes,MOH verified; lower-level mapping pending official/local verification
Southern,Galle,Hikkaduwa,,,,,Ministry of Health / Directorate of NCDs; see source notes,MOH verified; lower-level mapping pending official/local verification
Southern,Galle,Imaduwa,,,,,Ministry of Health / Directorate of NCDs; see source notes,MOH verified; lower-level mapping pending official/local verification
Southern,Galle,Induruwa,,,,,Ministry of Health / Directorate of NCDs; see source notes,MOH verified; lower-level mapping pending official/local verification
Southern,Galle,Karandeniya,,,,,Ministry of Health / Directorate of NCDs; see source notes,MOH verified; lower-level mapping pending official/local verification
Southern,Galle,Neluwa,,,,,Ministry of Health / Directorate of NCDs; see source notes,MOH verified; lower-level mapping pending official/local verification
Southern,Galle,Niyagama,,,,,Ministry of Health / Directorate of NCDs; see source notes,MOH verified; lower-level mapping pending official/local verification
Southern,Galle,Rathgama,,,,,Ministry of Health / Directorate of NCDs; see source notes,MOH verified; lower-level mapping pending official/local verification
Southern,Galle,Thawalama,,,,,Ministry of Health / Directorate of NCDs; see source notes,MOH verified; lower-level mapping pending official/local verification
Southern,Galle,Udugama,,,,,Ministry of Health / Directorate of NCDs; see source notes,MOH verified; lower-level mapping pending official/local verification
Southern,Galle,Welivitiya-Divithura,,,,,Ministry of Health / Directorate of NCDs; see source notes,MOH verified; lower-level mapping pending official/local verification
Southern,Galle,Yakkalamulla,,,,,Ministry of Health / Directorate of NCDs; see source notes,MOH verified; lower-level mapping pending official/local verification
Southern,Hambantota,Ambalantota,,,,,Ministry of Health / Directorate of NCDs; see source notes,MOH verified; lower-level mapping pending official/local verification
Southern,Hambantota,Angunakolapelessa,,,,,Ministry of Health / Directorate of NCDs; see source notes,MOH verified; lower-level mapping pending official/local verification
Southern,Hambantota,Beliatta,,,,,Ministry of Health / Directorate of NCDs; see source notes,MOH verified; lower-level mapping pending official/local verification
Southern,Hambantota,Hambantota,,,,,Ministry of Health / Directorate of NCDs; see source notes,MOH verified; lower-level mapping pending official/local verification
Southern,Hambantota,Katuwana,,,,,Ministry of Health / Directorate of NCDs; see source notes,MOH verified; lower-level mapping pending official/local verification
Southern,Hambantota,Lunugamvehera,,,,,Ministry of Health / Directorate of NCDs; see source notes,MOH verified; lower-level mapping pending official/local verification
Southern,Hambantota,Okewela,,,,,Ministry of Health / Directorate of NCDs; see source notes,MOH verified; lower-level mapping pending official/local verification
Southern,Hambantota,Sooriyawewa,,,,,Ministry of Health / Directorate of NCDs; see source notes,MOH verified; lower-level mapping pending official/local verification
Southern,Hambantota,Tangalle,,,,,Ministry of Health / Directorate of NCDs; see source notes,MOH verified; lower-level mapping pending official/local verification
Southern,Hambantota,Tissamaharama,,,,,Ministry of Health / Directorate of NCDs; see source notes,MOH verified; lower-level mapping pending official/local verification
Southern,Hambantota,Walasmulla,,,,,Ministry of Health / Directorate of NCDs; see source notes,MOH verified; lower-level mapping pending official/local verification
Southern,Hambantota,Weeraketiya,,,,,Ministry of Health / Directorate of NCDs; see source notes,MOH verified; lower-level mapping pending official/local verification
Central,Kandy,Akurana,,,,,Ministry of Health / Directorate of NCDs; see source notes,MOH verified; lower-level mapping pending official/local verification
Central,Kandy,Babaradeniya,,,,,Ministry of Health / Directorate of NCDs; see source notes,MOH verified; lower-level mapping pending official/local verification
Central,Kandy,Doluwa,,,,,Ministry of Health / Directorate of NCDs; see source notes,MOH verified; lower-level mapping pending official/local verification
Central,Kandy,Galaha,,,,,Ministry of Health / Directorate of NCDs; see source notes,MOH verified; lower-level mapping pending official/local verification
Central,Kandy,Gagawahakorale,,,,,Ministry of Health / Directorate of NCDs; see source notes,MOH verified; lower-level mapping pending official/local verification
Central,Kandy,Harispaththuwa,,,,,Ministry of Health / Directorate of NCDs; see source notes,MOH verified; lower-level mapping pending official/local verification
Central,Kandy,Hatharaliyadda,,,,,Ministry of Health / Directorate of NCDs; see source notes,MOH verified; lower-level mapping pending official/local verification
Central,Kandy,Gangawatakorale,,,,,Ministry of Health / Directorate of NCDs; see source notes,MOH verified; lower-level mapping pending official/local verification
Central,Kandy,Kundasale,,,,,Ministry of Health / Directorate of NCDs; see source notes,MOH verified; lower-level mapping pending official/local verification
Central,Kandy,Medadumbara,,,,,Ministry of Health / Directorate of NCDs; see source notes,MOH verified; lower-level mapping pending official/local verification
Central,Kandy,Menikhinna,,,,,Ministry of Health / Directorate of NCDs; see source notes,MOH verified; lower-level mapping pending official/local verification
Central,Kandy,Minipe,,,,,Ministry of Health / Directorate of NCDs; see source notes,MOH verified; lower-level mapping pending official/local verification
Central,Kandy,Panvila,,,,,Ministry of Health / Directorate of NCDs; see source notes,MOH verified; lower-level mapping pending official/local verification
Central,Kandy,Pasbage Korale,,,,,Ministry of Health / Directorate of NCDs; see source notes,MOH verified; lower-level mapping pending official/local verification
Central,Kandy,Pathadumbara,,,,,Ministry of Health / Directorate of NCDs; see source notes,MOH verified; lower-level mapping pending official/local verification
Central,Kandy,Pathahewaheta,,,,,Ministry of Health / Directorate of NCDs; see source notes,MOH verified; lower-level mapping pending official/local verification
Central,Kandy,Poojapitiya,,,,,Ministry of Health / Directorate of NCDs; see source notes,MOH verified; lower-level mapping pending official/local verification
Central,Kandy,Galagedara,,,,,Ministry of Health / Directorate of NCDs; see source notes,MOH verified; lower-level mapping pending official/local verification
Central,Kandy,Ududumbara,,,,,Ministry of Health / Directorate of NCDs; see source notes,MOH verified; lower-level mapping pending official/local verification
Central,Kandy,Udapalatha,,,,,Ministry of Health / Directorate of NCDs; see source notes,MOH verified; lower-level mapping pending official/local verification
Central,Kandy,Udunuwara,,,,,Ministry of Health / Directorate of NCDs; see source notes,MOH verified; lower-level mapping pending official/local verification
Central,Kandy,Yatinuwara,,,,,Ministry of Health / Directorate of NCDs; see source notes,MOH verified; lower-level mapping pending official/local verification
Sabaragamuwa,Kegalle,Aranayaka,,,,,Ministry of Health / Directorate of NCDs; see source notes,MOH verified; lower-level mapping pending official/local verification
Sabaragamuwa,Kegalle,Bulathkohupitiya,,,,,Ministry of Health / Directorate of NCDs; see source notes,MOH verified; lower-level mapping pending official/local verification
Sabaragamuwa,Kegalle,Dehiovita,,,,,Ministry of Health / Directorate of NCDs; see source notes,MOH verified; lower-level mapping pending official/local verification
Sabaragamuwa,Kegalle,Deraniyagala,,,,,Ministry of Health / Directorate of NCDs; see source notes,MOH verified; lower-level mapping pending official/local verification
Sabaragamuwa,Kegalle,Galigamuwa,,,,,Ministry of Health / Directorate of NCDs; see source notes,MOH verified; lower-level mapping pending official/local verification
Sabaragamuwa,Kegalle,Kegalle,,,,,Ministry of Health / Directorate of NCDs; see source notes,MOH verified; lower-level mapping pending official/local verification
Sabaragamuwa,Kegalle,Mawanella,,,,,Ministry of Health / Directorate of NCDs; see source notes,MOH verified; lower-level mapping pending official/local verification
Sabaragamuwa,Kegalle,Rambukkana,,,,,Ministry of Health / Directorate of NCDs; see source notes,MOH verified; lower-level mapping pending official/local verification
Sabaragamuwa,Kegalle,Ruwanwella,,,,,Ministry of Health / Directorate of NCDs; see source notes,MOH verified; lower-level mapping pending official/local verification
Sabaragamuwa,Kegalle,Warakapola,,,,,Ministry of Health / Directorate of NCDs; see source notes,MOH verified; lower-level mapping pending official/local verification
Sabaragamuwa,Kegalle,Yatiyanthota,,,,,Ministry of Health / Directorate of NCDs; see source notes,MOH verified; lower-level mapping pending official/local verification
Northern,Kilinochchi,Kandawalai,,,,,Ministry of Health / Directorate of NCDs; see source notes,MOH verified; lower-level mapping pending official/local verification
Northern,Kilinochchi,Karaichchi,,,,,Ministry of Health / Directorate of NCDs; see source notes,MOH verified; lower-level mapping pending official/local verification
Northern,Kilinochchi,Poonakary,,,,,Ministry of Health / Directorate of NCDs; see source notes,MOH verified; lower-level mapping pending official/local verification
North Western,Kurunegala,Alawwa,,,,,Ministry of Health / Directorate of NCDs; see source notes,MOH verified; lower-level mapping pending official/local verification
North Western,Kurunegala,Ambanpola,,,,,Ministry of Health / Directorate of NCDs; see source notes,MOH verified; lower-level mapping pending official/local verification
North Western,Kurunegala,Bamunakotuwa,,,,,Ministry of Health / Directorate of NCDs; see source notes,MOH verified; lower-level mapping pending official/local verification
North Western,Kurunegala,Bingiriya,,,,,Ministry of Health / Directorate of NCDs; see source notes,MOH verified; lower-level mapping pending official/local verification
North Western,Kurunegala,Galgamuwa,,,,,Ministry of Health / Directorate of NCDs; see source notes,MOH verified; lower-level mapping pending official/local verification
North Western,Kurunegala,Ganewaththa,,,,,Ministry of Health / Directorate of NCDs; see source notes,MOH verified; lower-level mapping pending official/local verification
North Western,Kurunegala,Giribawa,,,,,Ministry of Health / Directorate of NCDs; see source notes,MOH verified; lower-level mapping pending official/local verification
North Western,Kurunegala,Ibbagamuwa,,,,,Ministry of Health / Directorate of NCDs; see source notes,MOH verified; lower-level mapping pending official/local verification
North Western,Kurunegala,Katupotha,,,,,Ministry of Health / Directorate of NCDs; see source notes,MOH verified; lower-level mapping pending official/local verification
North Western,Kurunegala,Kobeigane,,,,,Ministry of Health / Directorate of NCDs; see source notes,MOH verified; lower-level mapping pending official/local verification
North Western,Kurunegala,Kotawehera,,,,,Ministry of Health / Directorate of NCDs; see source notes,MOH verified; lower-level mapping pending official/local verification
North Western,Kurunegala,Kuliyapitiya,,,,,Ministry of Health / Directorate of NCDs; see source notes,MOH verified; lower-level mapping pending official/local verification
North Western,Kurunegala,Kurunegala,,,,,Ministry of Health / Directorate of NCDs; see source notes,MOH verified; lower-level mapping pending official/local verification
North Western,Kurunegala,Maho,,,,,Ministry of Health / Directorate of NCDs; see source notes,MOH verified; lower-level mapping pending official/local verification
North Western,Kurunegala,Mallawapitiya,,,,,Ministry of Health / Directorate of NCDs; see source notes,MOH verified; lower-level mapping pending official/local verification
North Western,Kurunegala,Mawathagama,,,,,Ministry of Health / Directorate of NCDs; see source notes,MOH verified; lower-level mapping pending official/local verification
North Western,Kurunegala,Narammala,,,,,Ministry of Health / Directorate of NCDs; see source notes,MOH verified; lower-level mapping pending official/local verification
North Western,Kurunegala,Nikaweratiya,,,,,Ministry of Health / Directorate of NCDs; see source notes,MOH verified; lower-level mapping pending official/local verification
North Western,Kurunegala,Panduwasnuwara,,,,,Ministry of Health / Directorate of NCDs; see source notes,MOH verified; lower-level mapping pending official/local verification
North Western,Kurunegala,Pannala,,,,,Ministry of Health / Directorate of NCDs; see source notes,MOH verified; lower-level mapping pending official/local verification
North Western,Kurunegala,Polgahawela,,,,,Ministry of Health / Directorate of NCDs; see source notes,MOH verified; lower-level mapping pending official/local verification
North Western,Kurunegala,Polpithigama,,,,,Ministry of Health / Directorate of NCDs; see source notes,MOH verified; lower-level mapping pending official/local verification
North Western,Kurunegala,Rideegama,,,,,Ministry of Health / Directorate of NCDs; see source notes,MOH verified; lower-level mapping pending official/local verification
North Western,Kurunegala,Udubaddawa,,,,,Ministry of Health / Directorate of NCDs; see source notes,MOH verified; lower-level mapping pending official/local verification
North Western,Kurunegala,Wariyapola,,,,,Ministry of Health / Directorate of NCDs; see source notes,MOH verified; lower-level mapping pending official/local verification
North Western,Kurunegala,Weerabugedara,,,,,Ministry of Health / Directorate of NCDs; see source notes,MOH verified; lower-level mapping pending official/local verification
North Western,Kurunegala,East Panduwasnuwara,,,,,Ministry of Health / Directorate of NCDs; see source notes,MOH verified; lower-level mapping pending official/local verification
North Western,Kurunegala,Maspotha,,,,,Ministry of Health / Directorate of NCDs; see source notes,MOH verified; lower-level mapping pending official/local verification
North Western,Kurunegala,Rasnayakapura,,,,,Ministry of Health / Directorate of NCDs; see source notes,MOH verified; lower-level mapping pending official/local verification
Central,Matale,Ambanganga Korale,,,,,Ministry of Health / Directorate of NCDs; see source notes,MOH verified; lower-level mapping pending official/local verification
Central,Matale,Dambulla,,,,,Ministry of Health / Directorate of NCDs; see source notes,MOH verified; lower-level mapping pending official/local verification
Central,Matale,Galewela,,,,,Ministry of Health / Directorate of NCDs; see source notes,MOH verified; lower-level mapping pending official/local verification
Central,Matale,Laggala Pallegama,,,,,Ministry of Health / Directorate of NCDs; see source notes,MOH verified; lower-level mapping pending official/local verification
Central,Matale,Matale,,,,,Ministry of Health / Directorate of NCDs; see source notes,MOH verified; lower-level mapping pending official/local verification
Central,Matale,MC Dambulla,,,,,Ministry of Health / Directorate of NCDs; see source notes,MOH verified; lower-level mapping pending official/local verification
Central,Matale,MC Matale,,,,,Ministry of Health / Directorate of NCDs; see source notes,MOH verified; lower-level mapping pending official/local verification
Central,Matale,Naula,,,,,Ministry of Health / Directorate of NCDs; see source notes,MOH verified; lower-level mapping pending official/local verification
Central,Matale,Pallepola,,,,,Ministry of Health / Directorate of NCDs; see source notes,MOH verified; lower-level mapping pending official/local verification
Central,Matale,Rattota,,,,,Ministry of Health / Directorate of NCDs; see source notes,MOH verified; lower-level mapping pending official/local verification
Central,Matale,Ukuwela,,,,,Ministry of Health / Directorate of NCDs; see source notes,MOH verified; lower-level mapping pending official/local verification
Central,Matale,Wilgamuwa,,,,,Ministry of Health / Directorate of NCDs; see source notes,MOH verified; lower-level mapping pending official/local verification
Central,Matale,Yatawatta,,,,,Ministry of Health / Directorate of NCDs; see source notes,MOH verified; lower-level mapping pending official/local verification
Uva,Moneragala,Badalkumbura,,,,,Ministry of Health / Directorate of NCDs; see source notes,MOH verified; lower-level mapping pending official/local verification
Uva,Moneragala,Bibile,,,,,Ministry of Health / Directorate of NCDs; see source notes,MOH verified; lower-level mapping pending official/local verification
Uva,Moneragala,Buttala,,,,,Ministry of Health / Directorate of NCDs; see source notes,MOH verified; lower-level mapping pending official/local verification
Uva,Moneragala,Kataragama,,,,,Ministry of Health / Directorate of NCDs; see source notes,MOH verified; lower-level mapping pending official/local verification
Uva,Moneragala,Madulla,,,,,Ministry of Health / Directorate of NCDs; see source notes,MOH verified; lower-level mapping pending official/local verification
Uva,Moneragala,Medagama,,,,,Ministry of Health / Directorate of NCDs; see source notes,MOH verified; lower-level mapping pending official/local verification
Uva,Moneragala,Moneragala,,,,,Ministry of Health / Directorate of NCDs; see source notes,MOH verified; lower-level mapping pending official/local verification
Uva,Moneragala,Sewanagala,,,,,Ministry of Health / Directorate of NCDs; see source notes,MOH verified; lower-level mapping pending official/local verification
Uva,Moneragala,Siyambalanduwa,,,,,Ministry of Health / Directorate of NCDs; see source notes,MOH verified; lower-level mapping pending official/local verification
Uva,Moneragala,Thanamalwila,,,,,Ministry of Health / Directorate of NCDs; see source notes,MOH verified; lower-level mapping pending official/local verification
Uva,Moneragala,Wellawaya,,,,,Ministry of Health / Directorate of NCDs; see source notes,MOH verified; lower-level mapping pending official/local verification
Sabaragamuwa,Ratnapura,Ayagama,,,,,Ministry of Health / Directorate of NCDs; see source notes,MOH verified; lower-level mapping pending official/local verification
Sabaragamuwa,Ratnapura,Balangoda,,,,,Ministry of Health / Directorate of NCDs; see source notes,MOH verified; lower-level mapping pending official/local verification
Sabaragamuwa,Ratnapura,Embilipitiya,,,,,Ministry of Health / Directorate of NCDs; see source notes,MOH verified; lower-level mapping pending official/local verification
Sabaragamuwa,Ratnapura,Eheliyagoda,,,,,Ministry of Health / Directorate of NCDs; see source notes,MOH verified; lower-level mapping pending official/local verification
Sabaragamuwa,Ratnapura,Godakawela,,,,,Ministry of Health / Directorate of NCDs; see source notes,MOH verified; lower-level mapping pending official/local verification
Sabaragamuwa,Ratnapura,Imbulpe,,,,,Ministry of Health / Directorate of NCDs; see source notes,MOH verified; lower-level mapping pending official/local verification
Sabaragamuwa,Ratnapura,Kahawaththa,,,,,Ministry of Health / Directorate of NCDs; see source notes,MOH verified; lower-level mapping pending official/local verification
Sabaragamuwa,Ratnapura,Kalawana,,,,,Ministry of Health / Directorate of NCDs; see source notes,MOH verified; lower-level mapping pending official/local verification
Sabaragamuwa,Ratnapura,Kiriella,,,,,Ministry of Health / Directorate of NCDs; see source notes,MOH verified; lower-level mapping pending official/local verification
Sabaragamuwa,Ratnapura,Kolonna,,,,,Ministry of Health / Directorate of NCDs; see source notes,MOH verified; lower-level mapping pending official/local verification
Sabaragamuwa,Ratnapura,Kuruwita,,,,,Ministry of Health / Directorate of NCDs; see source notes,MOH verified; lower-level mapping pending official/local verification
Sabaragamuwa,Ratnapura,Nivithigala,,,,,Ministry of Health / Directorate of NCDs; see source notes,MOH verified; lower-level mapping pending official/local verification
Sabaragamuwa,Ratnapura,Opanayaka,,,,,Ministry of Health / Directorate of NCDs; see source notes,MOH verified; lower-level mapping pending official/local verification
Sabaragamuwa,Ratnapura,Pelmadulla,,,,,Ministry of Health / Directorate of NCDs; see source notes,MOH verified; lower-level mapping pending official/local verification
Sabaragamuwa,Ratnapura,Rathnapura MC,,,,,Ministry of Health / Directorate of NCDs; see source notes,MOH verified; lower-level mapping pending official/local verification
Sabaragamuwa,Ratnapura,Rathnapura PS,,,,,Ministry of Health / Directorate of NCDs; see source notes,MOH verified; lower-level mapping pending official/local verification
Sabaragamuwa,Ratnapura,Udawalawa,,,,,Ministry of Health / Directorate of NCDs; see source notes,MOH verified; lower-level mapping pending official/local verification
Sabaragamuwa,Ratnapura,Weligepola,,,,,Ministry of Health / Directorate of NCDs; see source notes,MOH verified; lower-level mapping pending official/local verification
Sabaragamuwa,Ratnapura,Elapatha,,,,,Ministry of Health / Directorate of NCDs; see source notes,MOH verified; lower-level mapping pending official/local verification
Sabaragamuwa,Ratnapura,Kuruwita,,,,,Ministry of Health / Directorate of NCDs; see source notes,MOH verified; lower-level mapping pending official/local verification
Eastern,Trincomalee,Eachchalampattu,,,,,Ministry of Health / Directorate of NCDs; see source notes,MOH verified; lower-level mapping pending official/local verification
Eastern,Trincomalee,Gomarankadawela,,,,,Ministry of Health / Directorate of NCDs; see source notes,MOH verified; lower-level mapping pending official/local verification
Eastern,Trincomalee,Kantale,,,,,Ministry of Health / Directorate of NCDs; see source notes,MOH verified; lower-level mapping pending official/local verification
Eastern,Trincomalee,Kinniya,,,,,Ministry of Health / Directorate of NCDs; see source notes,MOH verified; lower-level mapping pending official/local verification
Eastern,Trincomalee,Kuchchaveli,,,,,Ministry of Health / Directorate of NCDs; see source notes,MOH verified; lower-level mapping pending official/local verification
Eastern,Trincomalee,Mutur,,,,,Ministry of Health / Directorate of NCDs; see source notes,MOH verified; lower-level mapping pending official/local verification
Eastern,Trincomalee,Padavisripura,,,,,Ministry of Health / Directorate of NCDs; see source notes,MOH verified; lower-level mapping pending official/local verification
Eastern,Trincomalee,Seruwila,,,,,Ministry of Health / Directorate of NCDs; see source notes,MOH verified; lower-level mapping pending official/local verification
Eastern,Trincomalee,Thampalagamam,,,,,Ministry of Health / Directorate of NCDs; see source notes,MOH verified; lower-level mapping pending official/local verification
Eastern,Trincomalee,Trincomalee,,,,,Ministry of Health / Directorate of NCDs; see source notes,MOH verified; lower-level mapping pending official/local verification
Eastern,Trincomalee,Uppuvile,,,,,Ministry of Health / Directorate of NCDs; see source notes,MOH verified; lower-level mapping pending official/local verification
Northern,Vavuniya,Cheddikulam,,,,,Ministry of Health / Directorate of NCDs; see source notes,MOH verified; lower-level mapping pending official/local verification
Northern,Vavuniya,Vavuniya,,,,,Ministry of Health / Directorate of NCDs; see source notes,MOH verified; lower-level mapping pending official/local verification
Northern,Vavuniya,Vavuniya North,,,,,Ministry of Health / Directorate of NCDs; see source notes,MOH verified; lower-level mapping pending official/local verification
Western,Gampaha,Attanagalla,,,,,Ministry of Health / Directorate of NCDs; see source notes,MOH verified; lower-level mapping pending official/local verification
Western,Gampaha,Biyagama,,,,,Ministry of Health / Directorate of NCDs; see source notes,MOH verified; lower-level mapping pending official/local verification
Western,Gampaha,Divulapitiya,,,,,Ministry of Health / Directorate of NCDs; see source notes,MOH verified; lower-level mapping pending official/local verification
Western,Gampaha,Dompe,,,,,Ministry of Health / Directorate of NCDs; see source notes,MOH verified; lower-level mapping pending official/local verification
Western,Gampaha,Gampaha,,,,,Ministry of Health / Directorate of NCDs; see source notes,MOH verified; lower-level mapping pending official/local verification
Western,Gampaha,Ja-ela,,,,,Ministry of Health / Directorate of NCDs; see source notes,MOH verified; lower-level mapping pending official/local verification
